TEAM_REF,HOME_BASE,NETWORK_ZONE,DISTANCE_TO_NODE,ASSIGNMENT_NOTE,source_url_x,TRACK,AI_INTENSITY,INNOVATION_SCORE,SPRING_NOTE,source_url_y,PITCH_TRACK,ELIGIBILITY_SCORE,SERVER_CREDITS,PANEL_NOTE,source_url
SC001Anteater Cart,Mesa Court West,Dorm uplink A,201.0,Housing export preserved the original backbone routing label.,https://bana290-assignment4.netlify.app/briefs/fiber-access-bulletin,Campus Commerce,52400.0,61.0,Usage load reflects model prototyping during the winter and spring build cycle.,https://bana290-assignment4.netlify.app/briefs/builder-metrics-ledger,Campus Commerce,82.9,Waitlist / mentor hours,Teams at or above 85 automatically received overnight server credits.,https://bana290-assignment4.netlify.app/briefs/anteater-fund-panel
SC002Mesa Cart,Middle Earth Towers,Residential switch B,330.0,Administrative placement log was finalized before spring showcase scoring.,https://bana290-assignment4.netlify.app/briefs/fiber-access-bulletin,Creator Tools,57.1,57.9,Archive note says a hackathon week may have inflated some compute logs.,https://bana290-assignment4.netlify.app/briefs/builder-metrics-ledger,Creator Tools,81.0,Waitlist / mentor hours,Panel archived exact pitch scores without rounding to whole points.,https://bana290-assignment4.netlify.app/briefs/anteater-fund-panel
SC003Zot Cart,Campus Village,Student village relay,590.0,Distance field kept the archive unit exactly as shown in the facilities pull.,https://bana290-assignment4.netlify.app/briefs/fiber-access-bulletin,Mobility,62.9,73.7,Metrics were pulled after demo day QA and were not unit-normalized.,https://bana290-assignment4.netlify.app/briefs/builder-metrics-ledger,Mobility,92.1,Awarded: 8 GPU nights,The export kept the committee's original note style and award labels.,https://bana290-assignment4.netlify.app/briefs/anteater-fund-panel
SC004Bren Cart,Plaza Verde,ACC uplink east,827.0,Student hub was matched to the nearest sync cabinet used by the incubator.,https://bana290-assignment4.netlify.app/briefs/fiber-access-bulletin,Campus Commerce,65800.0,72.0,Innovation review kept the original mixed score formatting from the incubator export.,https://bana290-assignment4.netlify.app/briefs/builder-metrics-ledger,Campus Commerce,89.5,Awarded: 8 GPU nights,Below-cutoff teams remained on the mentoring-only waitlist during the quarter.,https://bana290-assignment4.netlify.app/briefs/anteater-fund-panel
SC005Petr Cart,Arroyo Vista,Greek village relay,810.0,Housing export preserved the original backbone routing label.,https://bana290-assignment4.netlify.app/briefs/fiber-access-bulletin,Creator Tools,59.7,57.1,Usage load reflects model prototyping during the winter and spring build cycle.,https://bana290-assignment4.netlify.app/briefs/builder-metrics-ledger,Creator Tools,80.9,Waitlist / mentor hours,Teams at or above 85 automatically received overnight server credits.,https://bana290-assignment4.netlify.app/briefs/anteater-fund-panel
SC006Ring Cart,Verano Place,Graduate housing switch,1100.0,Administrative placement log was finalized before spring showcase scoring.,https://bana290-assignment4.netlify.app/briefs/fiber-access-bulletin,Mobility,55.5,59.3,Archive note says a hackathon week may have inflated some compute logs.,https://bana290-assignment4.netlify.app/briefs/builder-metrics-ledger,Mobility,80.4,Waitlist / mentor hours,Panel archived exact pitch scores without rounding to whole points.,https://bana290-assignment4.netlify.app/briefs/anteater-fund-panel
SC007Blue Cart,Stanford Court,UTC west relay,1156.0,Distance field kept the archive unit exactly as shown in the facilities pull.,https://bana290-assignment4.netlify.app/briefs/fiber-access-bulletin,Campus Commerce,58700.0,72.0,Metrics were pulled after demo day QA and were not unit-normalized.,https://bana290-assignment4.netlify.app/briefs/builder-metrics-ledger,Campus Commerce,85.7,Awarded: 8 GPU nights,The export kept the committee's original note style and award labels.,https://bana290-assignment4.netlify.app/briefs/anteater-fund-panel
SC008Gold Cart,Berkeley Court,UTC south relay,1320.0,Student hub was matched to the nearest sync cabinet used by the incubator.,https://bana290-assignment4.netlify.app/briefs/fiber-access-bulletin,Creator Tools,46.3,52.0,Innovation review kept the original mixed score formatting from the incubator export.,https://bana290-assignment4.netlify.app/briefs/builder-metrics-ledger,Creator Tools,76.8,Waitlist / mentor hours,Below-cutoff teams remained on the mentoring-only waitlist during the quarter.,https://bana290-assignment4.netlify.app/briefs/anteater-fund-panel
SC009Arc Cart,Mesa Court West,Dorm uplink A,280.0,Housing export preserved the original backbone routing label.,https://bana290-assignment4.netlify.app/briefs/fiber-access-bulletin,Mobility,142.0,72.0,Usage load reflects model prototyping during the winter and spring build cycle.,https://bana290-assignment4.netlify.app/briefs/builder-metrics-ledger,Mobility,85.5,Awarded: 8 GPU nights,Teams at or above 85 automatically received overnight server credits.,https://bana290-assignment4.netlify.app/briefs/anteater-fund-panel
SC010Bridge Cart,Middle Earth Towers,Residential switch B,428.0,Administrative placement log was finalized before spring showcase scoring.,https://bana290-assignment4.netlify.app/briefs/fiber-access-bulletin,Campus Commerce,68200.0,61.0,Archive note says a hackathon week may have inflated some compute logs.,https://bana290-assignment4.netlify.app/briefs/builder-metrics-ledger,Campus Commerce,82.2,Waitlist / mentor hours,Panel archived exact pitch scores without rounding to whole points.,https://bana290-assignment4.netlify.app/briefs/anteater-fund-panel
SC011Open Cart,Campus Village,Student village relay,660.0,Distance field kept the archive unit exactly as shown in the facilities pull.,https://bana290-assignment4.netlify.app/briefs/fiber-access-bulletin,Creator Tools,50.2,54.4,Metrics were pulled after demo day QA and were not unit-normalized.,https://bana290-assignment4.netlify.app/briefs/builder-metrics-ledger,Creator Tools,78.4,Waitlist / mentor hours,The export kept the committee's original note style and award labels.,https://bana290-assignment4.netlify.app/briefs/anteater-fund-panel
SC012Signal Cart,Plaza Verde,ACC uplink east,718.0,Student hub was matched to the nearest sync cabinet used by the incubator.,https://bana290-assignment4.netlify.app/briefs/fiber-access-bulletin,Mobility,55.1,61.0,Innovation review kept the original mixed score formatting from the incubator export.,https://bana290-assignment4.netlify.app/briefs/builder-metrics-ledger,Mobility,82.4,Waitlist / mentor hours,Below-cutoff teams remained on the mentoring-only waitlist during the quarter.,https://bana290-assignment4.netlify.app/briefs/anteater-fund-panel
SC013Anteater Pulse,Arroyo Vista,Greek village relay,873.0,Housing export preserved the original backbone routing label.,https://bana290-assignment4.netlify.app/briefs/fiber-access-bulletin,Campus Commerce,42800.0,57.0,Usage load reflects model prototyping during the winter and spring build cycle.,https://bana290-assignment4.netlify.app/briefs/builder-metrics-ledger,Campus Commerce,81.9,Waitlist / mentor hours,Teams at or above 85 automatically received overnight server credits.,https://bana290-assignment4.netlify.app/briefs/anteater-fund-panel
SC014Mesa Pulse,Verano Place,Graduate housing switch,1070.0,Administrative placement log was finalized before spring showcase scoring.,https://bana290-assignment4.netlify.app/briefs/fiber-access-bulletin,Creator Tools,44.3,53.0,Archive note says a hackathon week may have inflated some compute logs.,https://bana290-assignment4.netlify.app/briefs/builder-metrics-ledger,Creator Tools,78.3,Waitlist / mentor hours,Panel archived exact pitch scores without rounding to whole points.,https://bana290-assignment4.netlify.app/briefs/anteater-fund-panel
SC015Zot Pulse,Stanford Court,UTC west relay,1130.0,Distance field kept the archive unit exactly as shown in the facilities pull.,https://bana290-assignment4.netlify.app/briefs/fiber-access-bulletin,Mobility,45.6,69.0,Metrics were pulled after demo day QA and were not unit-normalized.,https://bana290-assignment4.netlify.app/briefs/builder-metrics-ledger,Mobility,87.3,Awarded: 8 GPU nights,The export kept the committee's original note style and award labels.,https://bana290-assignment4.netlify.app/briefs/anteater-fund-panel
SC016Bren Pulse,Berkeley Court,UTC south relay,1454.0,Student hub was matched to the nearest sync cabinet used by the incubator.,https://bana290-assignment4.netlify.app/briefs/fiber-access-bulletin,Campus Commerce,34100.0,51.8,Innovation review kept the original mixed score formatting from the incubator export.,https://bana290-assignment4.netlify.app/briefs/builder-metrics-ledger,Campus Commerce,77.8,Waitlist / mentor hours,Below-cutoff teams remained on the mentoring-only waitlist during the quarter.,https://bana290-assignment4.netlify.app/briefs/anteater-fund-panel
SC017Petr Pulse,Mesa Court West,Dorm uplink A,280.0,Housing export preserved the original backbone routing label.,https://bana290-assignment4.netlify.app/briefs/fiber-access-bulletin,Creator Tools,52.3,54.8,Usage load reflects model prototyping during the winter and spring build cycle.,https://bana290-assignment4.netlify.app/briefs/builder-metrics-ledger,Creator Tools,78.3,Waitlist / mentor hours,Teams at or above 85 automatically received overnight server credits.,https://bana290-assignment4.netlify.app/briefs/anteater-fund-panel
SC018Ring Pulse,Middle Earth Towers,Residential switch B,355.0,Administrative placement log was finalized before spring showcase scoring.,https://bana290-assignment4.netlify.app/briefs/fiber-access-bulletin,Mobility,72.1,75.3,Archive note says a hackathon week may have inflated some compute logs.,https://bana290-assignment4.netlify.app/briefs/builder-metrics-ledger,Mobility,91.9,Awarded: 8 GPU nights,Panel archived exact pitch scores without rounding to whole points.,https://bana290-assignment4.netlify.app/briefs/anteater-fund-panel
SC019Blue Pulse,Campus Village,Student village relay,584.0,Distance field kept the archive unit exactly as shown in the facilities pull.,https://bana290-assignment4.netlify.app/briefs/fiber-access-bulletin,Campus Commerce,64000.0,54.4,Metrics were pulled after demo day QA and were not unit-normalized.,https://bana290-assignment4.netlify.app/briefs/builder-metrics-ledger,Campus Commerce,75.4,Waitlist / mentor hours,The export kept the committee's original note style and award labels.,https://bana290-assignment4.netlify.app/briefs/anteater-fund-panel
SC020Gold Pulse,Plaza Verde,ACC uplink east,880.0,Student hub was matched to the nearest sync cabinet used by the incubator.,https://bana290-assignment4.netlify.app/briefs/fiber-access-bulletin,Creator Tools,45.5,57.9,Innovation review kept the original mixed score formatting from the incubator export.,https://bana290-assignment4.netlify.app/briefs/builder-metrics-ledger,Creator Tools,82.8,Waitlist / mentor hours,Below-cutoff teams remained on the mentoring-only waitlist during the quarter.,https://bana290-assignment4.netlify.app/briefs/anteater-fund-panel
SC021Arc Pulse,Arroyo Vista,Greek village relay,890.0,Housing export preserved the original backbone routing label.,https://bana290-assignment4.netlify.app/briefs/fiber-access-bulletin,Mobility,61.6,72.9,Usage load reflects model prototyping during the winter and spring build cycle.,https://bana290-assignment4.netlify.app/briefs/builder-metrics-ledger,Mobility,91.3,Awarded: 8 GPU nights,Teams at or above 85 automatically received overnight server credits.,https://bana290-assignment4.netlify.app/briefs/anteater-fund-panel
SC022Bridge Pulse,Verano Place,Graduate housing switch,1094.0,Administrative placement log was finalized before spring showcase scoring.,https://bana290-assignment4.netlify.app/briefs/fiber-access-bulletin,Campus Commerce,42300.0,57.0,Archive note says a hackathon week may have inflated some compute logs.,https://bana290-assignment4.netlify.app/briefs/builder-metrics-ledger,Campus Commerce,83.5,Waitlist / mentor hours,Panel archived exact pitch scores without rounding to whole points.,https://bana290-assignment4.netlify.app/briefs/anteater-fund-panel
SC023Open Pulse,Stanford Court,UTC west relay,1260.0,Distance field kept the archive unit exactly as shown in the facilities pull.,https://bana290-assignment4.netlify.app/briefs/fiber-access-bulletin,Creator Tools,39.6,52.8,Metrics were pulled after demo day QA and were not unit-normalized.,https://bana290-assignment4.netlify.app/briefs/builder-metrics-ledger,Creator Tools,78.8,Waitlist / mentor hours,The export kept the committee's original note style and award labels.,https://bana290-assignment4.netlify.app/briefs/anteater-fund-panel
SC024Signal Pulse,Berkeley Court,UTC south relay,1484.0,Student hub was matched to the nearest sync cabinet used by the incubator.,https://bana290-assignment4.netlify.app/briefs/fiber-access-bulletin,Mobility,43.8,69.0,Innovation review kept the original mixed score formatting from the incubator export.,https://bana290-assignment4.netlify.app/briefs/builder-metrics-ledger,Mobility,85.6,Awarded: 8 GPU nights,Below-cutoff teams remained on the mentoring-only waitlist during the quarter.,https://bana290-assignment4.netlify.app/briefs/anteater-fund-panel
SC025Anteater Loop,Mesa Court West,Dorm uplink A,289.0,Housing export preserved the original backbone routing label.,https://bana290-assignment4.netlify.app/briefs/fiber-access-bulletin,Campus Commerce,67000.0,72.0,Usage load reflects model prototyping during the winter and spring build cycle.,https://bana290-assignment4.netlify.app/briefs/builder-metrics-ledger,Campus Commerce,87.0,Awarded: 8 GPU nights,Teams at or above 85 automatically received overnight server credits.,https://bana290-assignment4.netlify.app/briefs/anteater-fund-panel
SC026Mesa Loop,Middle Earth Towers,Residential switch B,420.0,Administrative placement log was finalized before spring showcase scoring.,https://bana290-assignment4.netlify.app/briefs/fiber-access-bulletin,Creator Tools,64.9,58.1,Archive note says a hackathon week may have inflated some compute logs.,https://bana290-assignment4.netlify.app/briefs/builder-metrics-ledger,Creator Tools,79.1,Waitlist / mentor hours,Panel archived exact pitch scores without rounding to whole points.,https://bana290-assignment4.netlify.app/briefs/anteater-fund-panel
SC027Zot Loop,Campus Village,Student village relay,590.0,Distance field kept the archive unit exactly as shown in the facilities pull.,https://bana290-assignment4.netlify.app/briefs/fiber-access-bulletin,Mobility,54.0,56.0,Metrics were pulled after demo day QA and were not unit-normalized.,https://bana290-assignment4.netlify.app/briefs/builder-metrics-ledger,Mobility,79.1,Waitlist / mentor hours,The export kept the committee's original note style and award labels.,https://bana290-assignment4.netlify.app/briefs/anteater-fund-panel
SC028Bren Loop,Plaza Verde,ACC uplink east,710.0,Student hub was matched to the nearest sync cabinet used by the incubator.,https://bana290-assignment4.netlify.app/briefs/fiber-access-bulletin,Campus Commerce,48300.0,59.2,Innovation review kept the original mixed score formatting from the incubator export.,https://bana290-assignment4.netlify.app/briefs/builder-metrics-ledger,Campus Commerce,84.8,Waitlist / mentor hours,Below-cutoff teams remained on the mentoring-only waitlist during the quarter.,https://bana290-assignment4.netlify.app/briefs/anteater-fund-panel
SC029Petr Loop,Arroyo Vista,Greek village relay,840.0,Housing export preserved the original backbone routing label.,https://bana290-assignment4.netlify.app/briefs/fiber-access-bulletin,Creator Tools,36.8,57.0,Usage load reflects model prototyping during the winter and spring build cycle.,https://bana290-assignment4.netlify.app/briefs/builder-metrics-ledger,Creator Tools,83.8,Waitlist / mentor hours,Teams at or above 85 automatically received overnight server credits.,https://bana290-assignment4.netlify.app/briefs/anteater-fund-panel
SC030Ring Loop,Verano Place,Graduate housing switch,952.0,Administrative placement log was finalized before spring showcase scoring.,https://bana290-assignment4.netlify.app/briefs/fiber-access-bulletin,Mobility,49.8,53.3,Archive note says a hackathon week may have inflated some compute logs.,https://bana290-assignment4.netlify.app/briefs/builder-metrics-ledger,Mobility,77.3,Waitlist / mentor hours,Panel archived exact pitch scores without rounding to whole points.,https://bana290-assignment4.netlify.app/briefs/anteater-fund-panel
SC031Blue Loop,Stanford Court,UTC west relay,1185.0,Distance field kept the archive unit exactly as shown in the facilities pull.,https://bana290-assignment4.netlify.app/briefs/fiber-access-bulletin,Campus Commerce,48600.0,50.8,Metrics were pulled after demo day QA and were not unit-normalized.,https://bana290-assignment4.netlify.app/briefs/builder-metrics-ledger,Campus Commerce,75.1,Waitlist / mentor hours,The export kept the committee's original note style and award labels.,https://bana290-assignment4.netlify.app/briefs/anteater-fund-panel
SC032Gold Loop,Berkeley Court,UTC south relay,1450.0,Student hub was matched to the nearest sync cabinet used by the incubator.,https://bana290-assignment4.netlify.app/briefs/fiber-access-bulletin,Creator Tools,49.7,69.0,Innovation review kept the original mixed score formatting from the incubator export.,https://bana290-assignment4.netlify.app/briefs/builder-metrics-ledger,Creator Tools,87.4,Awarded: 8 GPU nights,Below-cutoff teams remained on the mentoring-only waitlist during the quarter.,https://bana290-assignment4.netlify.app/briefs/anteater-fund-panel
SC033Arc Loop,Mesa Court West,Dorm uplink A,310.0,Housing export preserved the original backbone routing label.,https://bana290-assignment4.netlify.app/briefs/fiber-access-bulletin,Mobility,54.6,73.8,Usage load reflects model prototyping during the winter and spring build cycle.,https://bana290-assignment4.netlify.app/briefs/builder-metrics-ledger,Mobility,94.8,Awarded: 8 GPU nights,Teams at or above 85 automatically received overnight server credits.,https://bana290-assignment4.netlify.app/briefs/anteater-fund-panel
SC034Bridge Loop,Middle Earth Towers,Residential switch B,482.0,Administrative placement log was finalized before spring showcase scoring.,https://bana290-assignment4.netlify.app/briefs/fiber-access-bulletin,Campus Commerce,66200.0,77.5,Archive note says a hackathon week may have inflated some compute logs.,https://bana290-assignment4.netlify.app/briefs/builder-metrics-ledger,Campus Commerce,96.4,Awarded: 8 GPU nights,Panel archived exact pitch scores without rounding to whole points.,https://bana290-assignment4.netlify.app/briefs/anteater-fund-panel
SC035Open Loop,Campus Village,Student village relay,550.0,Distance field kept the archive unit exactly as shown in the facilities pull.,https://bana290-assignment4.netlify.app/briefs/fiber-access-bulletin,Creator Tools,59.4,72.3,Metrics were pulled after demo day QA and were not unit-normalized.,https://bana290-assignment4.netlify.app/briefs/builder-metrics-ledger,Creator Tools,91.2,Awarded: 8 GPU nights,The export kept the committee's original note style and award labels.,https://bana290-assignment4.netlify.app/briefs/anteater-fund-panel
SC036Signal Loop,Plaza Verde,ACC uplink east,780.0,Student hub was matched to the nearest sync cabinet used by the incubator.,https://bana290-assignment4.netlify.app/briefs/fiber-access-bulletin,Mobility,46.2,51.8,Innovation review kept the original mixed score formatting from the incubator export.,https://bana290-assignment4.netlify.app/briefs/builder-metrics-ledger,Mobility,76.6,Waitlist / mentor hours,Below-cutoff teams remained on the mentoring-only waitlist during the quarter.,https://bana290-assignment4.netlify.app/briefs/anteater-fund-panel
SC037Anteater Market,Arroyo Vista,Greek village relay,859.0,Housing export preserved the original backbone routing label.,https://bana290-assignment4.netlify.app/briefs/fiber-access-bulletin,Campus Commerce,38500.0,57.0,Usage load reflects model prototyping during the winter and spring build cycle.,https://bana290-assignment4.netlify.app/briefs/builder-metrics-ledger,Campus Commerce,80.1,Waitlist / mentor hours,Teams at or above 85 automatically received overnight server credits.,https://bana290-assignment4.netlify.app/briefs/anteater-fund-panel
SC038Mesa Market,Verano Place,Graduate housing switch,1030.0,Administrative placement log was finalized before spring showcase scoring.,https://bana290-assignment4.netlify.app/briefs/fiber-access-bulletin,Creator Tools,44.9,53.6,Archive note says a hackathon week may have inflated some compute logs.,https://bana290-assignment4.netlify.app/briefs/builder-metrics-ledger,Creator Tools,78.7,Waitlist / mentor hours,Panel archived exact pitch scores without rounding to whole points.,https://bana290-assignment4.netlify.app/briefs/anteater-fund-panel
SC039Zot Market,Stanford Court,UTC west relay,1230.0,Distance field kept the archive unit exactly as shown in the facilities pull.,https://bana290-assignment4.netlify.app/briefs/fiber-access-bulletin,Mobility,40.5,57.0,Metrics were pulled after demo day QA and were not unit-normalized.,https://bana290-assignment4.netlify.app/briefs/builder-metrics-ledger,Mobility,83.5,Waitlist / mentor hours,The export kept the committee's original note style and award labels.,https://bana290-assignment4.netlify.app/briefs/anteater-fund-panel
SC040Bren Market,Berkeley Court,UTC south relay,1463.0,Student hub was matched to the nearest sync cabinet used by the incubator.,https://bana290-assignment4.netlify.app/briefs/fiber-access-bulletin,Campus Commerce,41100.0,70.1,Innovation review kept the original mixed score formatting from the incubator export.,https://bana290-assignment4.netlify.app/briefs/builder-metrics-ledger,Campus Commerce,91.6,Awarded: 8 GPU nights,Below-cutoff teams remained on the mentoring-only waitlist during the quarter.,https://bana290-assignment4.netlify.app/briefs/anteater-fund-panel
SC041Petr Market,Mesa Court West,Dorm uplink A,230.0,Housing export preserved the original backbone routing label.,https://bana290-assignment4.netlify.app/briefs/fiber-access-bulletin,Creator Tools,55.7,61.0,Usage load reflects model prototyping during the winter and spring build cycle.,https://bana290-assignment4.netlify.app/briefs/builder-metrics-ledger,Creator Tools,82.4,Waitlist / mentor hours,Teams at or above 85 automatically received overnight server credits.,https://bana290-assignment4.netlify.app/briefs/anteater-fund-panel
SC042Ring Market,Middle Earth Towers,Residential switch B,386.0,Administrative placement log was finalized before spring showcase scoring.,https://bana290-assignment4.netlify.app/briefs/fiber-access-bulletin,Mobility,142.7,51.7,Archive note says a hackathon week may have inflated some compute logs.,https://bana290-assignment4.netlify.app/briefs/builder-metrics-ledger,Mobility,72.7,Waitlist / mentor hours,Panel archived exact pitch scores without rounding to whole points.,https://bana290-assignment4.netlify.app/briefs/anteater-fund-panel
SC043Blue Market,Campus Village,Student village relay,534.0,Distance field kept the archive unit exactly as shown in the facilities pull.,https://bana290-assignment4.netlify.app/briefs/fiber-access-bulletin,Campus Commerce,60500.0,73.0,Metrics were pulled after demo day QA and were not unit-normalized.,https://bana290-assignment4.netlify.app/briefs/builder-metrics-ledger,Campus Commerce,91.8,Awarded: 8 GPU nights,The export kept the committee's original note style and award labels.,https://bana290-assignment4.netlify.app/briefs/anteater-fund-panel
SC044Gold Market,Plaza Verde,ACC uplink east,870.0,Student hub was matched to the nearest sync cabinet used by the incubator.,https://bana290-assignment4.netlify.app/briefs/fiber-access-bulletin,Creator Tools,54.7,70.6,Innovation review kept the original mixed score formatting from the incubator export.,https://bana290-assignment4.netlify.app/briefs/builder-metrics-ledger,Creator Tools,86.2,Awarded: 8 GPU nights,Below-cutoff teams remained on the mentoring-only waitlist during the quarter.,https://bana290-assignment4.netlify.app/briefs/anteater-fund-panel
SC045Arc Market,Arroyo Vista,Greek village relay,760.0,Housing export preserved the original backbone routing label.,https://bana290-assignment4.netlify.app/briefs/fiber-access-bulletin,Mobility,51.0,58.8,Usage load reflects model prototyping during the winter and spring build cycle.,https://bana290-assignment4.netlify.app/briefs/builder-metrics-ledger,Mobility,84.6,Waitlist / mentor hours,Teams at or above 85 automatically received overnight server credits.,https://bana290-assignment4.netlify.app/briefs/anteater-fund-panel
SC046Bridge Market,Verano Place,Graduate housing switch,1029.0,Administrative placement log was finalized before spring showcase scoring.,https://bana290-assignment4.netlify.app/briefs/fiber-access-bulletin,Campus Commerce,35000.0,48.2,Archive note says a hackathon week may have inflated some compute logs.,https://bana290-assignment4.netlify.app/briefs/builder-metrics-ledger,Campus Commerce,74.2,Waitlist / mentor hours,Panel archived exact pitch scores without rounding to whole points.,https://bana290-assignment4.netlify.app/briefs/anteater-fund-panel
SC047Open Market,Stanford Court,UTC west relay,1220.0,Distance field kept the archive unit exactly as shown in the facilities pull.,https://bana290-assignment4.netlify.app/briefs/fiber-access-bulletin,Creator Tools,26.3,52.2,Metrics were pulled after demo day QA and were not unit-normalized.,https://bana290-assignment4.netlify.app/briefs/builder-metrics-ledger,Creator Tools,78.2,Waitlist / mentor hours,The export kept the committee's original note style and award labels.,https://bana290-assignment4.netlify.app/briefs/anteater-fund-panel
SC048Signal Market,Berkeley Court,UTC south relay,1311.0,Student hub was matched to the nearest sync cabinet used by the incubator.,https://bana290-assignment4.netlify.app/briefs/fiber-access-bulletin,Mobility,40.9,57.0,Innovation review kept the original mixed score formatting from the incubator export.,https://bana290-assignment4.netlify.app/briefs/builder-metrics-ledger,Mobility,84.2,Waitlist / mentor hours,Below-cutoff teams remained on the mentoring-only waitlist during the quarter.,https://bana290-assignment4.netlify.app/briefs/anteater-fund-panel
SC049Anteater Match,Mesa Court West,Dorm uplink A,226.0,Housing export preserved the original backbone routing label.,https://bana290-assignment4.netlify.app/briefs/fiber-access-bulletin,Campus Commerce,61600.0,69.0,Usage load reflects model prototyping during the winter and spring build cycle.,https://bana290-assignment4.netlify.app/briefs/builder-metrics-ledger,Campus Commerce,86.9,Awarded: 8 GPU nights,Teams at or above 85 automatically received overnight server credits.,https://bana290-assignment4.netlify.app/briefs/anteater-fund-panel
SC050Mesa Match,Middle Earth Towers,Residential switch B,370.0,Administrative placement log was finalized before spring showcase scoring.,https://bana290-assignment4.netlify.app/briefs/fiber-access-bulletin,Creator Tools,64.4,60.8,Archive note says a hackathon week may have inflated some compute logs.,https://bana290-assignment4.netlify.app/briefs/builder-metrics-ledger,Creator Tools,83.2,Waitlist / mentor hours,Panel archived exact pitch scores without rounding to whole points.,https://bana290-assignment4.netlify.app/briefs/anteater-fund-panel
SC051Zot Match,Campus Village,Student village relay,600.0,Distance field kept the archive unit exactly as shown in the facilities pull.,https://bana290-assignment4.netlify.app/briefs/fiber-access-bulletin,Mobility,55.2,69.7,Metrics were pulled after demo day QA and were not unit-normalized.,https://bana290-assignment4.netlify.app/briefs/builder-metrics-ledger,Mobility,88.7,Awarded: 8 GPU nights,The export kept the committee's original note style and award labels.,https://bana290-assignment4.netlify.app/briefs/anteater-fund-panel
SC052Bren Match,Plaza Verde,ACC uplink east,859.0,Student hub was matched to the nearest sync cabinet used by the incubator.,https://bana290-assignment4.netlify.app/briefs/fiber-access-bulletin,Campus Commerce,45800.0,52.4,Innovation review kept the original mixed score formatting from the incubator export.,https://bana290-assignment4.netlify.app/briefs/builder-metrics-ledger,Campus Commerce,77.3,Waitlist / mentor hours,Below-cutoff teams remained on the mentoring-only waitlist during the quarter.,https://bana290-assignment4.netlify.app/briefs/anteater-fund-panel
SC053Petr Match,Arroyo Vista,Greek village relay,920.0,Housing export preserved the original backbone routing label.,https://bana290-assignment4.netlify.app/briefs/fiber-access-bulletin,Creator Tools,48.5,69.0,Usage load reflects model prototyping during the winter and spring build cycle.,https://bana290-assignment4.netlify.app/briefs/builder-metrics-ledger,Creator Tools,88.1,Awarded: 8 GPU nights,Teams at or above 85 automatically received overnight server credits.,https://bana290-assignment4.netlify.app/briefs/anteater-fund-panel
SC054Ring Match,Verano Place,Graduate housing switch,1037.0,Administrative placement log was finalized before spring showcase scoring.,https://bana290-assignment4.netlify.app/briefs/fiber-access-bulletin,Mobility,53.4,70.5,Archive note says a hackathon week may have inflated some compute logs.,https://bana290-assignment4.netlify.app/briefs/builder-metrics-ledger,Mobility,87.3,Awarded: 8 GPU nights,Panel archived exact pitch scores without rounding to whole points.,https://bana290-assignment4.netlify.app/briefs/anteater-fund-panel
SC055Blue Match,Stanford Court,UTC west relay,1211.0,Distance field kept the archive unit exactly as shown in the facilities pull.,https://bana290-assignment4.netlify.app/briefs/fiber-access-bulletin,Campus Commerce,58700.0,72.0,Metrics were pulled after demo day QA and were not unit-normalized.,https://bana290-assignment4.netlify.app/briefs/builder-metrics-ledger,Campus Commerce,86.0,Awarded: 8 GPU nights,The export kept the committee's original note style and award labels.,https://bana290-assignment4.netlify.app/briefs/anteater-fund-panel
SC056Gold Match,Berkeley Court,UTC south relay,1360.0,Student hub was matched to the nearest sync cabinet used by the incubator.,https://bana290-assignment4.netlify.app/briefs/fiber-access-bulletin,Creator Tools,47.0,69.0,Innovation review kept the original mixed score formatting from the incubator export.,https://bana290-assignment4.netlify.app/briefs/builder-metrics-ledger,Creator Tools,88.3,Awarded: 8 GPU nights,Below-cutoff teams remained on the mentoring-only waitlist during the quarter.,https://bana290-assignment4.netlify.app/briefs/anteater-fund-panel
SC057Arc Match,Mesa Court West,Dorm uplink A,220.0,Housing export preserved the original backbone routing label.,https://bana290-assignment4.netlify.app/briefs/fiber-access-bulletin,Mobility,60.9,60.1,Usage load reflects model prototyping during the winter and spring build cycle.,https://bana290-assignment4.netlify.app/briefs/builder-metrics-ledger,Mobility,82.3,Waitlist / mentor hours,Teams at or above 85 automatically received overnight server credits.,https://bana290-assignment4.netlify.app/briefs/anteater-fund-panel
SC058Bridge Match,Middle Earth Towers,Residential switch B,374.0,Administrative placement log was finalized before spring showcase scoring.,https://bana290-assignment4.netlify.app/briefs/fiber-access-bulletin,Campus Commerce,44400.0,57.5,Archive note says a hackathon week may have inflated some compute logs.,https://bana290-assignment4.netlify.app/briefs/builder-metrics-ledger,Campus Commerce,84.3,Waitlist / mentor hours,Panel archived exact pitch scores without rounding to whole points.,https://bana290-assignment4.netlify.app/briefs/anteater-fund-panel
SC059Open Match,Campus Village,Student village relay,610.0,Distance field kept the archive unit exactly as shown in the facilities pull.,https://bana290-assignment4.netlify.app/briefs/fiber-access-bulletin,Creator Tools,59.5,70.0,Metrics were pulled after demo day QA and were not unit-normalized.,https://bana290-assignment4.netlify.app/briefs/builder-metrics-ledger,Creator Tools,86.5,Awarded: 8 GPU nights,The export kept the committee's original note style and award labels.,https://bana290-assignment4.netlify.app/briefs/anteater-fund-panel
SC060Signal Match,Plaza Verde,ACC uplink east,861.0,Student hub was matched to the nearest sync cabinet used by the incubator.,https://bana290-assignment4.netlify.app/briefs/fiber-access-bulletin,Mobility,53.7,69.7,Innovation review kept the original mixed score formatting from the incubator export.,https://bana290-assignment4.netlify.app/briefs/builder-metrics-ledger,Mobility,87.9,Awarded: 8 GPU nights,Below-cutoff teams remained on the mentoring-only waitlist during the quarter.,https://bana290-assignment4.netlify.app/briefs/anteater-fund-panel
SC061Anteater Board,Arroyo Vista,Greek village relay,872.0,Housing export preserved the original backbone routing label.,https://bana290-assignment4.netlify.app/briefs/fiber-access-bulletin,Campus Commerce,56700.0,61.0,Usage load reflects model prototyping during the winter and spring build cycle.,https://bana290-assignment4.netlify.app/briefs/builder-metrics-ledger,Campus Commerce,81.7,Waitlist / mentor hours,Teams at or above 85 automatically received overnight server credits.,https://bana290-assignment4.netlify.app/briefs/anteater-fund-panel
SC062Mesa Board,Verano Place,Graduate housing switch,980.0,Administrative placement log was finalized before spring showcase scoring.,https://bana290-assignment4.netlify.app/briefs/fiber-access-bulletin,Creator Tools,43.9,69.0,Archive note says a hackathon week may have inflated some compute logs.,https://bana290-assignment4.netlify.app/briefs/builder-metrics-ledger,Creator Tools,88.3,Awarded: 8 GPU nights,Panel archived exact pitch scores without rounding to whole points.,https://bana290-assignment4.netlify.app/briefs/anteater-fund-panel
SC063Zot Board,Stanford Court,UTC west relay,1170.0,Distance field kept the archive unit exactly as shown in the facilities pull.,https://bana290-assignment4.netlify.app/briefs/fiber-access-bulletin,Mobility,41.7,69.0,Metrics were pulled after demo day QA and were not unit-normalized.,https://bana290-assignment4.netlify.app/briefs/builder-metrics-ledger,Mobility,87.3,Awarded: 8 GPU nights,The export kept the committee's original note style and award labels.,https://bana290-assignment4.netlify.app/briefs/anteater-fund-panel
SC064Bren Board,Berkeley Court,UTC south relay,1485.0,Student hub was matched to the nearest sync cabinet used by the incubator.,https://bana290-assignment4.netlify.app/briefs/fiber-access-bulletin,Campus Commerce,49900.0,71.6,Innovation review kept the original mixed score formatting from the incubator export.,https://bana290-assignment4.netlify.app/briefs/builder-metrics-ledger,Campus Commerce,93.2,Awarded: 8 GPU nights,Below-cutoff teams remained on the mentoring-only waitlist during the quarter.,https://bana290-assignment4.netlify.app/briefs/anteater-fund-panel
SC065Petr Board,Mesa Court West,Dorm uplink A,150.0,Housing export preserved the original backbone routing label.,https://bana290-assignment4.netlify.app/briefs/fiber-access-bulletin,Creator Tools,56.3,57.9,Usage load reflects model prototyping during the winter and spring build cycle.,https://bana290-assignment4.netlify.app/briefs/builder-metrics-ledger,Creator Tools,81.2,Waitlist / mentor hours,Teams at or above 85 automatically received overnight server credits.,https://bana290-assignment4.netlify.app/briefs/anteater-fund-panel
SC066Ring Board,Middle Earth Towers,Residential switch B,345.0,Administrative placement log was finalized before spring showcase scoring.,https://bana290-assignment4.netlify.app/briefs/fiber-access-bulletin,Mobility,69.0,77.5,Archive note says a hackathon week may have inflated some compute logs.,https://bana290-assignment4.netlify.app/briefs/builder-metrics-ledger,Mobility,95.6,Awarded: 8 GPU nights,Panel archived exact pitch scores without rounding to whole points.,https://bana290-assignment4.netlify.app/briefs/anteater-fund-panel
SC067Blue Board,Campus Village,Student village relay,629.0,Distance field kept the archive unit exactly as shown in the facilities pull.,https://bana290-assignment4.netlify.app/briefs/fiber-access-bulletin,Campus Commerce,55100.0,59.1,Metrics were pulled after demo day QA and were not unit-normalized.,https://bana290-assignment4.netlify.app/briefs/builder-metrics-ledger,Campus Commerce,82.2,Waitlist / mentor hours,The export kept the committee's original note style and award labels.,https://bana290-assignment4.netlify.app/briefs/anteater-fund-panel
SC068Gold Board,Plaza Verde,ACC uplink east,710.0,Student hub was matched to the nearest sync cabinet used by the incubator.,https://bana290-assignment4.netlify.app/briefs/fiber-access-bulletin,Creator Tools,57.1,72.7,Innovation review kept the original mixed score formatting from the incubator export.,https://bana290-assignment4.netlify.app/briefs/builder-metrics-ledger,Creator Tools,92.4,Awarded: 8 GPU nights,Below-cutoff teams remained on the mentoring-only waitlist during the quarter.,https://bana290-assignment4.netlify.app/briefs/anteater-fund-panel
SC069Arc Board,Arroyo Vista,Greek village relay,760.0,Housing export preserved the original backbone routing label.,https://bana290-assignment4.netlify.app/briefs/fiber-access-bulletin,Mobility,41.7,57.0,Usage load reflects model prototyping during the winter and spring build cycle.,https://bana290-assignment4.netlify.app/briefs/builder-metrics-ledger,Mobility,84.8,Waitlist / mentor hours,Teams at or above 85 automatically received overnight server credits.,https://bana290-assignment4.netlify.app/briefs/anteater-fund-panel
SC070Bridge Board,Verano Place,Graduate housing switch,947.0,Administrative placement log was finalized before spring showcase scoring.,https://bana290-assignment4.netlify.app/briefs/fiber-access-bulletin,Campus Commerce,50800.0,61.0,Archive note says a hackathon week may have inflated some compute logs.,https://bana290-assignment4.netlify.app/briefs/builder-metrics-ledger,Campus Commerce,84.7,Waitlist / mentor hours,Panel archived exact pitch scores without rounding to whole points.,https://bana290-assignment4.netlify.app/briefs/anteater-fund-panel
SC071Open Board,Stanford Court,UTC west relay,1200.0,Distance field kept the archive unit exactly as shown in the facilities pull.,https://bana290-assignment4.netlify.app/briefs/fiber-access-bulletin,Creator Tools,32.5,57.0,Metrics were pulled after demo day QA and were not unit-normalized.,https://bana290-assignment4.netlify.app/briefs/builder-metrics-ledger,Creator Tools,80.0,Waitlist / mentor hours,The export kept the committee's original note style and award labels.,https://bana290-assignment4.netlify.app/briefs/anteater-fund-panel
SC072Signal Board,Berkeley Court,UTC south relay,1468.0,Student hub was matched to the nearest sync cabinet used by the incubator.,https://bana290-assignment4.netlify.app/briefs/fiber-access-bulletin,Mobility,37.9,69.0,Innovation review kept the original mixed score formatting from the incubator export.,https://bana290-assignment4.netlify.app/briefs/builder-metrics-ledger,Mobility,86.3,Awarded: 8 GPU nights,Below-cutoff teams remained on the mentoring-only waitlist during the quarter.,https://bana290-assignment4.netlify.app/briefs/anteater-fund-panel
